hotel,resort_fee_usd,resort_fee_with_tax_usd,year_verified,source_type
ARIA,50.00,56.69,2025,
Bellagio,50.00,56.69,2025,
Caesars Palace,50.00,56.69,2025,
Venetian / Palazzo,50.00,56.69,2025,
Wynn / Encore,50.00,56.69,2025,
Cosmopolitan,50.00,56.69,2025,
Planet Hollywood,50.00,56.69,2025,
Paris Las Vegas,50.00,56.69,2025,
Resorts World,50.00,56.69,2025,
MGM Grand,45.00,51.02,2025,
Mandalay Bay,45.00,51.02,2025,
Fontainebleau,45.00,51.02,2025,
Horseshoe,45.00,51.02,2025,
Flamingo,49.95,56.63,2026,
Harrah's,45.00,51.02,2025,
The LINQ,45.00,51.02,2025,
The STRAT,45.00,51.02,2025,
Park MGM,42.00,47.62,2025,
New York-New York,42.00,47.62,2025,
Luxor,37.00,41.95,2025,
Excalibur,45.00,51.02,2026,
Circus Circus,37.00,41.95,2025,
Best Western Plus Casino Royale,0,0,2024,
The Jockey Club,0,0,2024,
Travelodge by Wyndham,0,0,2024,
Hampton Inn Las Vegas Strip South,0,0,2026,
Hilton Garden Inn Las Vegas Strip South,0,0,2026,
